{
  "train_losses": [
    0.0037003
  ],
  "val_losses": [
    0.00311922
  ],
  "min_val_loss": 0.00311922,
  "test_loss": 0.00313788
}